title,description,category,source,url,scraped_at,price_raw,price_min,price_max,price_midpoint,supplier_name,supplier_location,supplier_city,supplier_state,moq,has_description,has_price,ai_extracted,ai_confidence,ai_product_type,ai_industry,ai_material,ai_application,ai_capacity,ai_power_source,ai_fiber_content,ai_purity,quality_score
Cnc Wood Lathe Machine Multi functional,,cnc lathe machine,dir.indiamart,https://www.indiamart.com/proddetail/cnc-wood-lathe-machine-multi-functional-2855298898462.html,2026-06-11T07:15:02.296382,"₹ 11,50,000",1150000.0,1150000.0,1150000.0,"Sarthana, SuratJak Machinery",,,,,False,True,True,0.8,Machine,Manufacturing,,CNC Wood Lathe,,,,,0.7
OC 800 CNC Lathe Machine,,cnc lathe machine,dir.indiamart,https://www.indiamart.com/proddetail/oc-800-cnc-lathe-machine-25181928288.html,2026-06-11T07:15:02.307742,"₹ 35,50,000",3550000.0,3550000.0,3550000.0,"Pardi, RajkotOm CNC Automation",,,,,False,True,True,0.9,Machine,Manufacturing,,CNC Lathe,,,,,0.7
Anyang CK 6194 CNC Lathe Machine 4 Meter,,cnc lathe machine,dir.indiamart,https://www.indiamart.com/proddetail/anyang-ck-6194-cnc-lathe-machine-4-meter-2854858731630.html,2026-06-11T07:15:02.316007,"₹ 1,100",1100.0,1100.0,1100.0,New DelhiA. R. International,,,,,False,True,True,0.7,Machine,Manufacturing,,CNC Lathe,,,,,0.7
"Semi-Automatic Monfort CNC Lathe (3 meter), Electric",,cnc lathe machine,dir.indiamart,https://www.indiamart.com/proddetail/cnc-lathe-3-meter-18178580655.html,2026-06-11T07:15:02.331684,"₹ 12,50,000",1250000.0,1250000.0,1250000.0,New DelhiD. P. Enterprises,,,,,False,True,True,0.6,Machine,Manufacturing,Electric,CNC Lathe,,,,,0.7
ST500 5000 CNC Lathe Machine Flat Bed,,cnc lathe machine,dir.indiamart,https://www.indiamart.com/proddetail/st500-5000-cnc-lathe-machine-5673769930.html,2026-06-11T07:15:02.347613,"₹ 99,00,000",9900000.0,9900000.0,9900000.0,"Thekkalur, TiruppurTussor Machine Tools India Private Limited",,,,,False,True,True,0.5,Machine,Manufacturing,,CNC Lathe,,,,,0.7
CNC Lathe Machine,,cnc lathe machine,dir.indiamart,https://www.indiamart.com/proddetail/cnc-lathe-machine-11664709455.html,2026-06-11T07:15:02.363520,Contact Supplier,,,,"Pappanaickenpalayam, CoimbatoreMaaster Machinery & Tools",,,,,False,False,True,0.8,CNC Lathe Machine,,,,,,,,0.7
"Cnc Lathe Machine, Maximum Turning Diameter: 500 mm, Maximum Turning Length: 200 mm",,cnc lathe machine,dir.indiamart,https://www.indiamart.com/proddetail/cnc-lathe-machine-26764955962.html,2026-06-11T07:15:02.378874,"₹ 2,00,000",200000.0,200000.0,200000.0,AhmedabadBhavya Machine Tools LLP,,,,,False,True,True,0.9,CNC Lathe Machine,,,,,,,,0.7
CNC Lathe Machine,,cnc lathe machine,dir.indiamart,https://www.indiamart.com/proddetail/cnc-lathe-machine-2858813241488.html,2026-06-11T07:15:02.407956,"₹ 20,00,000",2000000.0,2000000.0,2000000.0,RajkotYogi Machine Tools,,,,,False,True,True,0.8,CNC Lathe Machine,,,,,,,,0.7
CNC Lathe Machine GT-50,,cnc lathe machine,dir.indiamart,https://www.indiamart.com/proddetail/cnc-lathe-machine-gt-50-2855742339630.html,2026-06-11T07:15:02.430176,"₹ 7,00,000",700000.0,700000.0,700000.0,RajkotSV CNC Technology,,,,,False,True,True,0.8,CNC Lathe Machine GT-50,,,,,,,,0.7
"Flat Bed Cnc Lathe, Maximum Turning Length: 600 mm",,cnc lathe machine,dir.indiamart,https://www.indiamart.com/proddetail/flat-bed-cnc-lathe-2854153295112.html,2026-06-11T07:15:02.436619,"₹ 8,50,000",850000.0,850000.0,850000.0,AhmedabadMachinery Clinic,,,,,False,True,True,0.8,Flat Bed Cnc Lathe,,,,,,,,0.7
"CNC Lathe trainer with FANUC Controller, Maximum Turning Diameter: 500 mm",,cnc lathe machine,dir.indiamart,https://www.indiamart.com/proddetail/cnc-lathe-trainer-with-fanuc-controller-2854115668262.html,2026-06-11T07:15:02.452147,"₹ 12,07,000",1207000.0,1207000.0,1207000.0,"Vadgaon Budruk, PuneCad Mech Engineering Private Limited",,,,,False,True,True,0.8,CNC Lathe trainer,Manufacturing,,,,,,,0.7
CNC Lathe Machine  - Sudarshana,,cnc lathe machine,dir.indiamart,https://www.indiamart.com/proddetail/cnc-lathe-machine-sudarshana-13064260033.html,2026-06-11T07:15:02.483931,"₹ 7,50,000",750000.0,750000.0,750000.0,"Hebbal Kempapura, BengaluruControl Technics",,,,,False,True,True,0.6,CNC Lathe Machine,Manufacturing,,,,,,,0.7
"CNC Lathe, Tornado 300",,cnc lathe machine,dir.indiamart,https://www.indiamart.com/proddetail/cnc-lathe-tornado-300-17566168933.html,2026-06-11T07:15:02.499808,"₹ 1,00,000",100000.0,100000.0,100000.0,"Kaman, Vasai, Dist. PalgharKunark Hitech Machining & Sales Private Limited",,,,,False,True,True,0.7,CNC Lathe,Manufacturing,,,,,,,0.7
"CNC STONE LATHE MACHINE, Maximum Turning Diameter: 500 mm",,cnc lathe machine,dir.indiamart,https://www.indiamart.com/proddetail/cnc-stone-lathe-machine-2856620258788.html,2026-06-11T07:15:02.515662,"₹ 15,00,000",1500000.0,1500000.0,1500000.0,JaipurSumaya World Technology,,,,,False,True,True,0.9,CNC STONE LATHE MACHINE,Manufacturing,Stone,,,,,,0.7
CNC Wood Lathe,,cnc lathe machine,dir.indiamart,https://www.indiamart.com/proddetail/cnc-wood-lathe-21506431388.html,2026-06-11T07:15:02.531517,"₹ 7,25,000",725000.0,725000.0,725000.0,"Odhav, AhmedabadSuccess Technologies",,,,,False,True,True,0.5,CNC Wood Lathe,Manufacturing,Wood,,,,,,0.7
Cnc Autofeeding Cnc Wood Lathe,,cnc lathe machine,dir.indiamart,https://www.indiamart.com/proddetail/cnc-autofeeding-cnc-wood-lathe-2525563497.html,2026-06-11T07:15:02.544788,"₹ 8,00,000",800000.0,800000.0,800000.0,SuratSuresh Machine Tools,,,,,False,True,True,0.8,Cnc Wood Lathe,Manufacturing,,Woodworking,,,,,0.7
"Slant Bed CNC Lathe, Maximum Turning Length: 500 mm, Maximum Turning Diameter: 400",,cnc lathe machine,dir.indiamart,https://www.indiamart.com/proddetail/slant-bed-cnc-lathe-2851486370388.html,2026-06-11T07:15:02.563152,"₹ 15,00,000",1500000.0,1500000.0,1500000.0,"Ganapathy, CoimbatorePremier Machine Tools",,,,,False,True,True,0.9,Slant Bed CNC Lathe,Manufacturing,,Machining,,,,,0.7
"CNC Lathe Machine, Maximum Turning Length: 700 mm, Maximum Turning Diameter: 500 mm",,cnc lathe machine,dir.indiamart,https://www.indiamart.com/proddetail/cnc-lathe-machine-2855460262597.html,2026-06-11T07:15:02.578298,"₹ 3,20,000",320000.0,320000.0,320000.0,RajkotTechno-Mech Machine Tools,,,,,False,True,True,0.8,CNC Lathe Machine,Manufacturing,,Machining,,,,,0.7
"Cnc Wood Lathe Machine, Maximum Turning Length: 300 mm",,cnc lathe machine,dir.indiamart,https://www.indiamart.com/proddetail/cnc-wood-lathe-machine-2854954857230.html,2026-06-11T07:15:02.594637,"₹ 6,90,000",690000.0,690000.0,690000.0,New DelhiPrefect Cad Cam Solution,,,,,False,True,True,0.7,Cnc Wood Lathe Machine,Manufacturing,,Woodworking,,,,,0.7
CNC Lathe Machine,,cnc lathe machine,dir.indiamart,https://www.indiamart.com/proddetail/cnc-lathe-machine-2849530678833.html,2026-06-11T07:15:02.603502,"₹ 18,50,000",1850000.0,1850000.0,1850000.0,"Dharmatala, KolkataH.P.Singh & Co.",,,,,False,True,True,0.6,CNC Lathe Machine,Manufacturing,,Machining,,,,,0.7
"Cnc Lathe Machine, 4.5 kW",,cnc lathe machine,dir.indiamart,https://www.indiamart.com/proddetail/cnc-lathe-machine-2849736509148.html,2026-06-11T07:15:02.624587,"₹ 5,60,000",560000.0,560000.0,560000.0,JodhpurR.S. Technology,,,,,False,True,True,0.8,Cnc Lathe Machine,Manufacturing,,Machining,,,,,0.7
"CNC315W Cosen Double Turning Tools CNC Wood Lathe Machine, Maximum Turning Length: 1000 mm",,cnc lathe machine,dir.indiamart,https://www.indiamart.com/proddetail/cnc315w-cosen-double-turning-tools-cnc-wood-lathe-machine-2851558238933.html,2026-06-11T07:15:02.637157,"₹ 16,25,000",1625000.0,1625000.0,1625000.0,"Malad East, MumbaiCaple Industrial Solutions",,,,,False,True,True,0.7,CNC Wood Lathe Machine,Manufacturing,Wood,Woodworking,,,,,0.7
CNC Rotary Lathe Machine,,cnc lathe machine,dir.indiamart,https://www.indiamart.com/proddetail/cnc-rotary-lathe-machine-2852768663555.html,2026-06-11T07:15:02.653296,"₹ 7,50,000",750000.0,750000.0,750000.0,"Shivane, PuneTrilok Lasers",,,,,False,True,True,0.6,CNC Rotary Lathe Machine,Manufacturing,,Machining,,,,,0.7
CNC Trainer Lathe Machine,,cnc lathe machine,dir.indiamart,https://www.indiamart.com/proddetail/cnc-trainer-lathe-machine-2855515022391.html,2026-06-11T07:15:02.669695,"₹ 10,50,000",1050000.0,1050000.0,1050000.0,GandhinagarAxisco Corporation,,,,,False,True,True,0.5,CNC Trainer Lathe Machine,Manufacturing,,Training,,,,,0.7
Ace Jobber XL CNC Lathe Machine,,cnc lathe machine,dir.indiamart,https://www.indiamart.com/proddetail/ace-jobber-xl-cnc-lathe-machine-20828830588.html,2026-06-11T07:15:02.690972,"₹ 8,50,000",850000.0,850000.0,850000.0,ChennaiRV Tech CNC,,,,,False,True,True,0.4,Ace Jobber XL CNC Lathe Machine,Manufacturing,,Machining,,,,,0.7
Heavy Duty CNC Lathe Machine,,cnc lathe machine,dir.indiamart,https://www.indiamart.com/proddetail/heavy-duty-cnc-lathe-machine-2858227195662.html,2026-06-11T07:15:02.703700,"₹ 35,00,000",3500000.0,3500000.0,3500000.0,"Anna Nagar East, ChennaiTakasu Seiki Private Limited",,,,,False,True,True,0.8,Machine,Manufacturing,,CNC Lathe,,,,,0.7
"CNC Trainer Lathe Machine, Maximum Turning Diameter: 100 MM",,cnc lathe machine,dir.indiamart,https://www.indiamart.com/proddetail/cnc-trainer-lathe-machine-2851702740791.html,2026-06-11T07:15:02.721305,"₹ 4,50,000",450000.0,450000.0,450000.0,AhmedabadMechmatics Engineering Private Limited,,,,,False,True,True,0.7,Machine,Education,,Training Lathe,,,,,0.7
"FANUC CNC Lathe Machine, Maximum Turning Length: 200 mm, Maximum Turning Diameter: 1000 mm",,cnc lathe machine,dir.indiamart,https://www.indiamart.com/proddetail/fanuc-cnc-lathe-machine-3788845648.html,2026-06-11T07:15:02.728137,"₹ 2,00,000",200000.0,200000.0,200000.0,FaridabadWorld Tech,,,,,False,True,True,0.9,Machine,Manufacturing,,CNC Lathe,,,,,0.7
Cnc Lathe Shenyang  2850x800 Mm Fanuc OI Mate-td Control,,cnc lathe machine,dir.indiamart,https://www.indiamart.com/proddetail/cnc-lathe-shenyang-2850x800-mm-fanuc-oi-mate-td-control-2854515369773.html,2026-06-11T07:15:13.359161,"₹ 10,00,000",1000000.0,1000000.0,1000000.0,AhmedabadAnkur Enterprise,,,,,False,True,True,0.8,Cnc Lathe,Manufacturing,,,,,,,0.7
Plain/Solids Plain Cotton Fabric,,cotton fabric,dir.indiamart,https://www.indiamart.com/proddetail/plain-cotton-fabric-23205079862.html,2026-06-11T07:15:21.540859,₹ 130,130.0,130.0,130.0,LudhianaPooja Industries Private Limited,,,,,False,True,True,0.9,Fabric,Textile,Cotton,,,,,,0.7
Pure Cotton Fabric,,cotton fabric,dir.indiamart,https://www.indiamart.com/proddetail/pure-cotton-fabric-2853448563712.html,2026-06-11T07:15:21.557538,₹ 70,70.0,70.0,70.0,JaipurAnagha Creation,,,,,False,True,True,0.9,Fabric,Textile,Cotton,,,,,,0.7
"Corss Colour Cotton Fabric (799), Plain/solids, Multicolour",,cotton fabric,dir.indiamart,https://www.indiamart.com/proddetail/cotton-cross-coloured-fabrics-42-inches-107-cm-26286192355.html,2026-06-11T07:15:21.574534,₹ 59,59.0,59.0,59.0,JaipurRemtex Export (D To D Lifestyle),,,,,False,True,True,0.8,Fabric,Textile,Cotton,,,,,,0.7
"Cambric Silver Khadi Cotton Shorting Fabric, 60x60",,cotton fabric,dir.indiamart,https://www.indiamart.com/proddetail/silver-khadi-cotton-shorting-fabric-2859186573012.html,2026-06-11T07:15:21.590587,₹ 130,130.0,130.0,130.0,"Bhiwandi, Dist. ThaneAvika Textiles",,,,,False,True,True,0.8,Fabric,Textile,Cotton,,,,,,0.7
250GSM Grey RFD Cotton Fabric,,cotton fabric,dir.indiamart,https://www.indiamart.com/proddetail/250gsm-grey-rfd-cotton-fabric-2856567582191.html,2026-06-11T07:15:21.607274,₹ 365,365.0,365.0,365.0,LudhianaGgemms Impex,,,,,False,True,True,0.8,Fabric,Textile,Cotton,,,,,,0.7
"Plain Cotton Fabrics, Plain/Solids",,cotton fabric,dir.indiamart,https://www.indiamart.com/proddetail/cotton-fabrics-3768535448.html,2026-06-11T07:15:21.623997,₹ 145,145.0,145.0,145.0,"Vilarasampatti, ErodeSri Kalyan Export Private Limited",,,,,False,True,True,0.7,Fabric,Textile,Cotton,,,,,,0.7
"Cambric Cotton Kantha Fabric, GSM (Fabric Weight): 120-140 gsm, 60x60",,cotton fabric,dir.indiamart,https://www.indiamart.com/proddetail/cotton-kantha-fabric-2857288578588.html,2026-06-11T07:15:21.640290,₹ 65,65.0,65.0,65.0,JaipurBluzka Prints,,,,,False,True,True,0.9,Fabric,Textile,Cotton,,,,,,0.7
"Cambric Cotton Fabric 40x40, GSM (Fabric Weight): 90-110 gsm",,cotton fabric,dir.indiamart,https://www.indiamart.com/proddetail/cotton-fabric-40x40-2858271523012.html,2026-06-11T07:15:21.653841,₹ 37,37.0,37.0,37.0,JaipurJaipur Printer,,,,,False,True,True,0.8,Fabric,Textile,Cotton,,,,,,0.7
Rfd Cotton Fabric,,cotton fabric,dir.indiamart,https://www.indiamart.com/proddetail/rfd-cotton-fabric-27000264888.html,2026-06-11T07:15:21.665157,₹ 400,400.0,400.0,400.0,"Ludhiana, LudhianaS.Biotex Private Limited",,,,,False,True,True,0.6,Fabric,Textile,Cotton,,,,,,0.7
Cotton Fabric,Cotton Fabric,cotton fabric,dir.indiamart,https://www.knittedfabricss.com/,2026-06-11T07:15:21.673452,₹ 475,475.0,475.0,475.0,"Tirupur, TiruppurThe Kothari Fabs",,,,,False,True,True,0.8,Cotton Fabric,,Cotton,,,,,,0.7
"Dyeable & Basic Fabrics Cotton Fabric, GSM (Fabric Weight): 120-140 gsm, 80x80",,cotton fabric,dir.indiamart,https://www.indiamart.com/proddetail/cotton-fabric-2853655698891.html,2026-06-11T07:15:21.690142,₹ 64,64.0,64.0,64.0,JaipurShree Balaji Fabricks,,,,,False,True,True,0.7,Cotton Fabric,,Cotton,,,,,,0.7
"Cotton 60 60 fabric, 44 inches",,cotton fabric,dir.indiamart,https://www.indiamart.com/proddetail/cotton-60-60-fabric-2855508672462.html,2026-06-11T07:15:21.706874,₹ 65,65.0,65.0,65.0,JaipurAadarsh Textiles,,,,,False,True,True,0.6,Cotton fabric,,Cotton,,,,,,0.7
"Mill Made Cotton Fabrics, Plain/Solids",,cotton fabric,dir.indiamart,https://www.indiamart.com/proddetail/mill-made-cotton-fabrics-2851493967397.html,2026-06-11T07:15:21.720085,₹ 75,75.0,75.0,75.0,SalemNaina Fab,,,,,False,True,True,0.9,Mill Made Cotton Fabrics,,Cotton,,,,,,0.7
"Printed Cotton Fabric, 60x60, GSM (Fabric Weight): 90-110 gsm",,cotton fabric,dir.indiamart,https://www.indiamart.com/proddetail/printed-cotton-fabric-23705687197.html,2026-06-11T07:15:21.731916,₹ 60,60.0,60.0,60.0,JaipurS. S. Textiles,,,,,False,True,True,0.5,Printed Cotton Fabric,,Cotton,,,,,,0.7
Plain Cotton Kurta Fabric (58-60 Inch),,cotton fabric,dir.indiamart,https://www.indiamart.com/proddetail/cotton-kurta-fabric-16610985088.html,2026-06-11T07:15:21.741947,₹ 164,164.0,164.0,164.0,JodhpurRSL Synthetics,,,,,False,True,True,0.8,Fabric,Textile,Cotton,Garment,,,,,0.7
"Silver Cotton Fabric, 35''-36''",,cotton fabric,dir.indiamart,https://www.indiamart.com/proddetail/silver-cotton-fabric-2851899481291.html,2026-06-11T07:15:21.756532,₹ 60,60.0,60.0,60.0,SuratMahalaxmi Textile Mills,,,,,False,True,True,0.7,Fabric,Textile,Silver Cotton,Garment,,,,,0.7
Cotton Kantha Fabric,,cotton fabric,dir.indiamart,https://www.indiamart.com/proddetail/cotton-kantha-fabric-2857223912262.html,2026-06-11T07:15:21.756532,₹ 70,70.0,70.0,70.0,JaipurNakoda Fab Tex,,,,,False,True,True,0.9,Fabric,Textile,Cotton,Garment,,,,,0.7
For Garment Hand block print combo set,,cotton fabric,dir.indiamart,https://www.indiamart.com/proddetail/hand-block-print-combo-set-22104718348.html,2026-06-11T07:15:21.773230,₹ 129,129.0,129.0,129.0,"Bagru, JaipurMeena Textiles",,,,,False,True,True,0.6,Fabric,Textile,Cotton,Garment,,,,,0.7
"Cambric Natural Indigo Dyed Fabric, GSM (Fabric Weight): 180-200 gsm, 60x60",,cotton fabric,dir.indiamart,https://www.indiamart.com/proddetail/natural-indigo-dyed-fabric-22179578073.html,2026-06-11T07:15:21.789818,₹ 128,128.0,128.0,128.0,"Amer Road, JaipurVandana Textile",,,,,False,True,True,0.9,Fabric,Textile,Cambric Natural Indigo Dyed,Garment,,,,,0.7
georgette Multi Cotton Fabric,,cotton fabric,dir.indiamart,https://www.indiamart.com/proddetail/multi-cotton-fabric-25015862691.html,2026-06-11T07:15:21.806228,₹ 103,103.0,103.0,103.0,SuratMadhav Fashion,,,,,False,True,True,0.8,Fabric,Textile,Cotton,,,,,,0.7
"Cora Cotton Fabric, 44 inches",,cotton fabric,dir.indiamart,https://www.indiamart.com/proddetail/cora-cotton-fabric-2854073174962.html,2026-06-11T07:15:21.821240,₹ 165,165.0,165.0,165.0,SuratVandana Impex,,,,,False,True,True,0.8,Fabric,Textile,Cotton,,,,,,0.7
"Cotton Fabric Manufacturing, Plain/Solids",,cotton fabric,dir.indiamart,https://www.indiamart.com/proddetail/cotton-fabric-manufacturing-2851253510955.html,2026-06-11T07:15:21.831076,₹ 445,445.0,445.0,445.0,LudhianaRadhika Farbics,,,,,False,True,True,0.8,Fabric,Textile,Cotton,,,,,,0.7
Pure Cotton Fabric 58  Wide Soft & Breathable Textile,,cotton fabric,dir.indiamart,https://www.indiamart.com/proddetail/pure-cotton-fabric-58-wide-soft-breathable-textile-2856967545091.html,2026-06-11T07:15:21.847466,₹ 139,139.0,139.0,139.0,"Bhiwandi, Dist. ThaneSumit Textiles",,,,,False,True,True,0.8,Fabric,Textile,Cotton,,,,,,0.7
"Cora Cotton Fabric, GSM (Fabric Weight): 160-180 gsm, Gsm (Fabric Weight): 160-180 Gsm",,cotton fabric,dir.indiamart,https://www.indiamart.com/proddetail/cora-cotton-fabric-2859255661797.html,2026-06-11T07:15:21.863977,₹ 80,80.0,80.0,80.0,"Saroli, SuratDoriya Creation",,,,,False,True,True,0.8,Fabric,Textile,Cotton,,,,,,0.7
"Multicolour Paper Cotton fabric, 58 inches",,cotton fabric,dir.indiamart,https://www.indiamart.com/proddetail/multicolour-paper-cotton-fabric-2855637863662.html,2026-06-11T07:15:21.880405,₹ 100,100.0,100.0,100.0,AhmedabadBhansali Corporation,,,,,False,True,True,0.8,fabric,textile,cotton,,,,,,0.7
Blue Plain Cotton Fabric,,cotton fabric,dir.indiamart,https://www.indiamart.com/proddetail/blue-plain-cotton-fabric-2851676370462.html,2026-06-11T07:15:21.888923,₹ 54,54.0,54.0,54.0,"Unn, SuratNew-Way Trends",,,,,False,True,True,0.7,fabric,textile,cotton,,,,,,0.7
Cotton Dress Material,,cotton fabric,dir.indiamart,https://www.indiamart.com/proddetail/cotton-dress-material-2853899147712.html,2026-06-11T07:15:21.905240,₹ 129,129.0,129.0,129.0,JaipurMeera Handicrafts,,,,,False,True,True,0.9,fabric,textile,cotton,,,,,,0.7
"Cotton Chanderi Fabric (Organic Cotton, Plain/Solid)",,cotton fabric,dir.indiamart,https://www.indiamart.com/proddetail/cotton-chanderi-fabric-2856010604033.html,2026-06-11T07:15:21.920629,₹ 110,110.0,110.0,110.0,ChandauliSilk Textile Station,,,,,False,True,True,0.85,fabric,textile,organic cotton,,,,,,0.7
Screen Print Cotton Printed Fabric,,cotton fabric,dir.indiamart,https://www.indiamart.com/proddetail/cotton-printed-fabric-2858657504562.html,2026-06-11T07:15:33.308228,₹ 80,80.0,80.0,80.0,JaipurThird Eye Export,,,,,False,True,True,0.5,Fabric,Textile,Cotton,,,,,,0.7
Drill Boiler Suit Fabric,,cotton fabric,dir.indiamart,https://www.indiamart.com/proddetail/drill-boiler-suit-fabric-22500171288.html,2026-06-11T07:15:33.322243,₹ 120,120.0,120.0,120.0,AhmedabadShri Balaji Impex,,,,,False,True,True,0.8,Drill,Textile,Fabric,,,,,,0.7
Multicolor Cotton Fabric,,cotton fabric,dir.indiamart,https://www.indiamart.com/proddetail/multicolor-cotton-fabric-25587898788.html,2026-06-11T07:15:33.343561,₹ 36,36.0,36.0,36.0,AhmedabadSumati Fab,,,,,False,True,True,0.7,Multicolor,Textile,Cotton Fabric,,,,,,0.7
"Pure Cotton Gada Fabrics, Plain/Solids, White",,cotton fabric,dir.indiamart,https://www.indiamart.com/proddetail/gada-fabrics-24033595797.html,2026-06-11T07:15:33.359245,₹ 50,50.0,50.0,50.0,ChennaiUddup,,,,,False,True,True,0.5,Pure Cotton,Textile,Gada Fabrics,,,,,,0.7
Floral Kantha Cotton Fabric,,cotton fabric,dir.indiamart,https://www.indiamart.com/proddetail/kantha-cotton-fabric-24565725097.html,2026-06-11T07:15:33.374987,₹ 75,75.0,75.0,75.0,"Sanganer Bazar, JaipurAmayra Creations",,,,,False,True,True,0.8,Fabric,Textile,Cotton,,,,,,0.7
59 Inch Cotton Cashmate Fabric,,cotton fabric,dir.indiamart,https://www.indiamart.com/proddetail/59-inch-cotton-cashmate-fabric-2855273129962.html,2026-06-11T07:15:33.374987,₹ 50,50.0,50.0,50.0,"Erode Fort, ErodeGeetharamani Mills",,,,,False,True,True,0.7,Fabric,Textile,Cotton,,,,,,0.7
Cotton Khata Fabric,,cotton fabric,dir.indiamart,https://www.indiamart.com/proddetail/cotton-khata-fabric-2853200976155.html,2026-06-11T07:15:33.406759,₹ 75,75.0,75.0,75.0,JaipurKrishna Fabric,,,,,False,True,True,0.6,Fabric,Textile,Cotton,,,,,,0.7
Plain Sheeting Cotton Grey Fabric,,cotton fabric,dir.indiamart,https://www.indiamart.com/proddetail/sheeting-cotton-grey-fabric-2850396815197.html,2026-06-11T07:15:33.422636,₹ 43,43.0,43.0,43.0,"Ichalkaranji, Dist. KolhapurPooja Textile Mills",,,,,False,True,True,0.5,Fabric,Textile,Cotton,,,,,,0.7
"Mul Mul Cotton Fabrics, Plain/Solids, White",,cotton fabric,dir.indiamart,https://www.indiamart.com/proddetail/mul-mul-cotton-fabrics-2851239498462.html,2026-06-11T07:15:33.422636,₹ 34,34.0,34.0,34.0,ErodeSri Sitalakshmi Textile Mills,,,,,False,True,True,0.8,Fabric,Textile,Cotton,,,,,,0.7
IKKAT Pure cotton febric,,cotton fabric,dir.indiamart,https://www.indiamart.com/proddetail/pure-cotton-febric-23671919088.html,2026-06-11T07:15:33.438770,₹ 75,75.0,75.0,75.0,BhagalpurSumit Kumar,,,,,False,True,True,0.7,Fabric,Textile,Cotton,,,,,,0.7
"Cotton Sambalpuri Fabric, Geometric, Multicolour",,cotton fabric,dir.indiamart,https://www.indiamart.com/proddetail/cotton-sambalpuri-fabric-2853439132412.html,2026-06-11T07:15:33.454472,₹ 49,49.0,49.0,49.0,"Balotra, Dist. BarmerHira Jyoti Textile",,,,,False,True,True,0.9,Fabric,Textile,Cotton,,,,,,0.7
"Dull Cotton Fabric, 58 inches",,cotton fabric,dir.indiamart,https://www.indiamart.com/proddetail/dull-cotton-fabric-2857222585497.html,2026-06-11T07:15:33.454472,₹ 55,55.0,55.0,55.0,AhmedabadArihant Trading Agency,,,,,False,True,True,0.6,Fabric,Textile,Cotton,,,,,,0.7
90 GSM Jaam Cotton Rfd Fabric,,cotton fabric,dir.indiamart,https://www.indiamart.com/proddetail/90-gsm-jaam-cotton-rfd-fabric-2858217092830.html,2026-06-11T07:15:33.470190,₹ 84,84.0,84.0,84.0,SuratChandni Impex,,,,,False,True,True,0.5,Fabric,Textile,Cotton,,,,,,0.7
"Cambric Striped Printed Cotton Fabric, 60x60, GSM (Fabric Weight): 160-180 gsm",,cotton fabric,dir.indiamart,https://www.indiamart.com/proddetail/striped-printed-cotton-fabric-2857657874097.html,2026-06-11T07:15:33.485946,₹ 100,100.0,100.0,100.0,JaipurRamdev Handicrafts,,,,,False,True,True,0.9,Fabric,Textile,Cotton,Garments,,,,,0.7
"Printed 44-45"" Hand Block Print Cotton Fabric for Garments, GSM: 100 GSM",,cotton fabric,dir.indiamart,https://www.indiamart.com/proddetail/hand-block-print-cotton-fabric-22118369962.html,2026-06-11T07:15:33.485946,₹ 125,125.0,125.0,125.0,JaipurDosaya Bagru Textiles,,,,,False,True,True,0.8,Fabric,Textile,Cotton,Garments,,,,,0.7
Evaporation Sensor SF00002701,,industrial sensor,dir.indiamart,https://www.indiamart.com/proddetail/evaporation-sensor-sf00002701-2855822165233.html,2026-06-11T07:15:42.829041,"₹ 78,296",78296.0,78296.0,78296.0,"Rathinapuri, CoimbatoreNunes Instruments",,,,,False,True,True,0.7,Sensor,Industrial,,Measurement,,,,,0.7
Proximity Creative Fork Sensor,,industrial sensor,dir.indiamart,https://www.indiamart.com/proddetail/creative-fork-sensor-2024516912.html,2026-06-11T07:15:42.850970,"₹ 1,050",1050.0,1050.0,1050.0,VadodaraCreative Electronics,,,,,False,True,True,0.6,Sensor,Industrial,,Measurement,,,,,0.7
Light Lux Level Sensor SF00003257,,industrial sensor,dir.indiamart,https://www.indiamart.com/proddetail/light-lux-level-sensor-sf00003257-2856603549948.html,2026-06-11T07:15:42.868799,"₹ 79,170",79170.0,79170.0,79170.0,"Rathinapuri, CoimbatoreInstrumentation",,,,,False,True,True,0.8,Sensor,Industrial,,Measurement,,,,,0.7
Omron E3z-R81 Retro Reflective Sensor,,industrial sensor,dir.indiamart,https://www.indiamart.com/proddetail/omron-e3z-r81-retro-reflective-sensor-25532979633.html,2026-06-11T07:15:42.886616,"₹ 2,900",2900.0,2900.0,2900.0,"Millerganj, LudhianaShree Vishwakarma Electro Sales",,,,,False,True,True,0.8,sensor,industrial,,,,,,,0.7
"BALLUFF- BCS012T, 8 mm",,industrial sensor,dir.indiamart,https://www.indiamart.com/proddetail/balluff-bcs012t-2849756107033.html,2026-06-11T07:15:42.904447,"₹ 10,500",10500.0,10500.0,10500.0,"Valiv, Vasai, Dist. PalgharAllied Electricals",,,,,False,True,True,0.8,sensor,industrial,,,,,,,0.7
Diffuse Radiation Shadow Ring SF00003065,,industrial sensor,dir.indiamart,https://www.indiamart.com/proddetail/diffuse-radiation-shadow-ring-sf00003065-2856317157091.html,2026-06-11T07:15:42.908209,"₹ 81,900",81900.0,81900.0,81900.0,CoimbatoreInstrumentation,,,,,False,True,True,0.8,sensor,industrial,,,,,,,0.7
"Metal Stainless Steel IFM Photo Electric Sensor - Ogt Series, For Industrial",,industrial sensor,dir.indiamart,https://www.indiamart.com/proddetail/ifm-photo-electric-sensor-ogt-series-22560277212.html,2026-06-11T07:15:42.937481,₹ 500,500.0,500.0,500.0,"Mogappair, ChennaiWintech Engineers",,,,,False,True,True,0.9,sensor,industrial,stainless steel,industrial,,,,,0.7
AUTONICS BX700-DFR Sensor,,industrial sensor,dir.indiamart,https://www.indiamart.com/proddetail/autonics-bx700-dfr-sensor-2857984584962.html,2026-06-11T07:15:42.955238,"₹ 3,970",3970.0,3970.0,3970.0,"Amberhai, New DelhiMack Switchgears Private Limited",,,,,False,True,True,0.8,sensor,industrial,,,,,,,0.7
"Pepperl Fuchs Proximity Sensor, Inductive",,industrial sensor,dir.indiamart,https://www.indiamart.com/proddetail/pepperl-fuchs-proximity-sensor-2855271825255.html,2026-06-11T07:15:42.970896,"₹ 1,400",1400.0,1400.0,1400.0,AhmedabadKosher Steel,,,,,False,True,True,0.8,Proximity Sensor,,Inductive,,,,,,0.7
BEN5M-MFR - Universal AC/DC Photoelectric Sensors,,industrial sensor,dir.indiamart,https://www.indiamart.com/proddetail/ben5m-mfr-universal-ac-dc-photoelectric-sensors-2854868802491.html,2026-06-11T07:15:42.987043,"₹ 1,850",1850.0,1850.0,1850.0,VadodaraKrutika Enterprise,,,,,False,True,True,0.7,Photoelectric Sensor,,,,,,,,0.7
UT1B/E6-1AUL,"Reference: UT1B/E6-1AUL Description: Ultrasonic sensor M30 analogic 4-20 mA+ PNP NO/NC 250-3500 mm cable 2m with teach-in button, AISI316L stainless steel housing, cULus. Click here to download catalogue PDF",industrial sensor,dir.indiamart,https://www.indiamart.com/proddetail/ut1b-e6-1aul-2855846255173.html,2026-06-11T07:15:43.007194,"₹ 18,500",18500.0,18500.0,18500.0,"Noida, Dist. Gautam Buddha NagarVoxin Tech",,,,,True,True,True,0.9,Ultrasonic Sensor,,Stainless Steel,,,,,,0.9
"Keyence Sensor E2S-W11-1 M, 2 mm, M30",,industrial sensor,dir.indiamart,https://www.indiamart.com/proddetail/keyence-sensor-e2s-w11-1-m-2856616491273.html,2026-06-11T07:15:43.018780,"₹ 3,900",3900.0,3900.0,3900.0,"Airoli, Navi Mumbai, Dist. ThaneElemech Technology",,,,,False,True,True,0.6,Sensor,,,,,,,,0.7
"Black Panasonic CX-400 CX-440 Series Photoelectric Sensor, Size: 21x31x11mm",,industrial sensor,dir.indiamart,https://www.indiamart.com/proddetail/panasonic-cx-400-cx-440-series-photoelectric-sensor-13178204688.html,2026-06-11T07:15:43.040514,"₹ 1,500",1500.0,1500.0,1500.0,"Rajajinagar, BengaluruFlexible Automation Systems Private Limited",,,,,False,True,True,0.5,Photoelectric Sensor,,,,,,,,0.7
Hall Effect Zero Speed Sensor,,industrial sensor,dir.indiamart,https://www.indiamart.com/proddetail/hall-effect-zero-speed-sensor-2853470074930.html,2026-06-11T07:15:43.060668,"₹ 4,400",4400.0,4400.0,4400.0,PuneSmartsaa Instruments (I) Private Limited,,,,,False,True,True,0.9,Sensor,Industrial,,Speed detection,,,,,0.7
photoelectric tubular M18 sensors S5N-PR-5-B01-PP,"S5N952001041S5N-PR-5-B01-PP Photoelectric Sensor Tubular M18 Red LED emission trimmer adjust Retro Reflex-polarized pnp no-nc M12 plastic housing radial opticsExtended range of standard ""one for all"" photoelectric tubular M18 sensors",industrial sensor,dir.indiamart,https://www.indiamart.com/proddetail/photoelectric-tubular-m18-sensors-s5n-pr-5-b01-pp-2859108789788.html,2026-06-11T07:15:43.066275,"₹ 4,800",4800.0,4800.0,4800.0,BengaluruTech Sensor Automation,,,,,True,True,True,0.8,Sensor,Industrial,Plastic,Object detection,,,,,0.9
"LABART Soil Npk Sensor, Model Name/Number: LNPK-1",,industrial sensor,dir.indiamart,https://www.indiamart.com/proddetail/soil-npk-sensor-2849893140888.html,2026-06-11T07:15:43.082153,"₹ 6,779",6779.0,6779.0,6779.0,New DelhiXTech Lab Supplies,,,,,False,True,True,0.7,Sensor,Agricultural,,Soil analysis,,,,,0.7
Teltonika Eye Sensor,,industrial sensor,dir.indiamart,https://www.indiamart.com/proddetail/teltonika-eye-sensor-2855818392733.html,2026-06-11T07:15:43.102446,"₹ 1,850",1850.0,1850.0,1850.0,IndoreAlpha Tech Services,,,,,False,True,True,0.6,Sensor,Industrial,,Monitoring,,,,,0.7
Intellinet Object Counting System Digital Sensor,,industrial sensor,dir.indiamart,https://www.indiamart.com/proddetail/object-counting-system-digital-sensor-2849033455630.html,2026-06-11T07:15:43.113586,"₹ 3,500",3500.0,3500.0,3500.0,"Dapodi, Pimpri Chinchwad, Dist. PuneIntellinet Of Things",,,,,False,True,True,0.5,Sensor,Industrial,,Counting,,,,,0.7
"Delta Sensor ES/EH/HS/HH, For Industrial",,industrial sensor,dir.indiamart,https://www.indiamart.com/proddetail/delta-sensor-es-eh-hs-hh-22450871630.html,2026-06-11T07:15:43.129272,"₹ 5,000",5000.0,5000.0,5000.0,"Vijayawada, Dist. KrishnaInfinity Automation Solutions",,,,,False,True,True,0.8,Sensor,Industrial,,,,,,,0.7
Dairy Equipments Milk Analyzer Sensor,,industrial sensor,dir.indiamart,https://www.indiamart.com/proddetail/milk-analyzer-sensor-23403948562.html,2026-06-11T07:15:43.145278,"₹ 3,000",3000.0,3000.0,3000.0,"Mansarovar, JaipurTanvi Instruments Private Limited",,,,,False,True,True,0.7,Analyzer Sensor,Dairy,,,,,,,0.7
Lactoscan Sensor,,industrial sensor,dir.indiamart,https://www.indiamart.com/proddetail/lactoscan-sensor-20158511712.html,2026-06-11T07:15:43.163865,"₹ 2,000",2000.0,2000.0,2000.0,BulandshahrKanha Milk Testing Equipments Private Limited,,,,,False,True,True,0.6,Sensor,,,,,,,,0.7
"Class A Platinum Temperature Sensor, 10, RTD",,industrial sensor,dir.indiamart,https://www.indiamart.com/proddetail/temperature-sensor-2854910402891.html,2026-06-11T07:15:43.177136,"₹ 2,500",2500.0,2500.0,2500.0,"Vastral, AhmedabadMegitech Automation",,,,,False,True,True,0.9,Temperature Sensor,,Platinum,,,,,,0.7
Engraving Machine Limit Switch,,industrial sensor,dir.indiamart,https://www.indiamart.com/proddetail/engraving-machine-limit-switch-2859245539373.html,2026-06-11T07:15:43.194442,"₹ 1,500",1500.0,1500.0,1500.0,"Pahar Ganj, New DelhiRishabh Technosolutions",,,,,False,True,True,0.5,Limit Switch,,,Engraving Machine,,,,,0.7
"SEES EMG Muscle Sensor Module V3.0 with Cable And Electrodes, For Industrial, Medium",,industrial sensor,dir.indiamart,https://www.indiamart.com/proddetail/emg-muscle-sensor-module-v3-0-with-cable-and-electrodes-22212038112.html,2026-06-11T07:15:43.210280,"₹ 1,999",1999.0,1999.0,1999.0,"Peelamedu, CoimbatoreSri Electronics & Embedded Solutions",,,,,False,True,True,0.8,Sensor Module,Industrial,,EMG Muscle Sensor,,,,,0.7
JIM2061322/W4424 SENSOR,,industrial sensor,dir.indiamart,https://www.indiamart.com/proddetail/jim2061322-w4424-sensor-2855094073348.html,2026-06-11T07:15:43.225402,"₹ 5,000",5000.0,5000.0,5000.0,KolkataJaggi Earthmovers,,,,,False,True,True,0.6,Sensor,,,,,,,,0.7
Motion BHM-S-RSS Road State Sensor,,industrial sensor,dir.indiamart,https://www.indiamart.com/proddetail/bhm-s-rss-road-state-sensor-2857664210573.html,2026-06-11T07:15:43.235353,"₹ 1,81,000",181000.0,181000.0,181000.0,"Roorkee, Dist. HaridwarBalaji Hydromet",,,,,False,True,True,0.7,Sensor,,,Road State Sensor,,,,,0.7
SP136931 SENSOR,,industrial sensor,dir.indiamart,https://www.indiamart.com/proddetail/sp136931-sensor-2859034927562.html,2026-06-11T07:15:43.252015,"₹ 2,400",2400.0,2400.0,2400.0,"Yogayog Bhawan, KolkataJ.L.B.Engineers",,,,,False,True,True,0.5,Sensor,,,,,,,,0.7
"SPECTRA Flex Sensor Bend Sensor for Hand Gesture Recognition 2.2"", 5VDC",,industrial sensor,dir.indiamart,https://www.indiamart.com/proddetail/flex-sensor-bend-sensor-for-hand-gesture-recognition-2-2-23918464062.html,2026-06-11T07:15:43.271120,₹ 195,195.0,195.0,195.0,"Chandni Chowk, New DelhiUnique India Sales",,,,,False,True,True,0.9,Bend Sensor,,,Hand Gesture Recognition,,,,,0.7
New Holland 4710 Excel Tractor,,agricultural tractor,dir.indiamart,https://www.indiamart.com/proddetail/new-holland-4710-excel-tractor-2852164307273.html,2026-06-11T07:16:03.408246,"₹ 10,50,000",1050000.0,1050000.0,1050000.0,MumbaiSabin Enterprises,,,,,False,True,True,0.6,tractor,agriculture,,,,,,,0.7
"Solis 2216 Tractor, 21-30 HP, 4WD",,agricultural tractor,dir.indiamart,https://www.indiamart.com/proddetail/solis-2216-tractor-2851953306388.html,2026-06-11T07:16:03.423946,"₹ 5,30,000",530000.0,530000.0,530000.0,AmreliHarikrushna Marketing,,,,,False,True,True,0.5,tractor,agriculture,,,,,,,0.7
Tractor 21 HP,,agricultural tractor,dir.indiamart,https://www.indiamart.com/proddetail/tractor-21-hp-2856319900548.html,2026-06-11T07:16:03.439767,"₹ 4,00,000",400000.0,400000.0,400000.0,"Ganeshnagar, Gandhidham, Dist. KutchS V Machinery India",,,,,False,True,True,0.8,Tractor,,,,,,,,0.7
Deutz Fahr Tractor Agrolux 60 4WD,,agricultural tractor,dir.indiamart,https://www.indiamart.com/proddetail/deutz-fahr-tractor-agrolux-60-4wd-2851729102112.html,2026-06-11T07:16:03.459016,"₹ 9,83,000",983000.0,983000.0,983000.0,RajkotMars World Exim,,,,,False,True,True,0.7,Tractor,,,,,,,,0.7
J D Tractor,,agricultural tractor,dir.indiamart,https://www.indiamart.com/proddetail/j-d-tractor-2858075285597.html,2026-06-11T07:16:03.473078,"₹ 8,25,000",825000.0,825000.0,825000.0,"Thaltej, AhmedabadAlfa Nexus Group",,,,,False,True,True,0.6,Tractor,,,,,,,,0.7
3600-2 TX All Rounder Plus+ 2WD,,agricultural tractor,dir.indiamart,https://www.indiamart.com/proddetail/3600-2-tx-all-rounder-plus-2wd-2856762406233.html,2026-06-11T07:16:03.487039,"₹ 1,00,000",100000.0,100000.0,100000.0,KarnalFarmburg Agro,,,,,False,True,True,0.9,Tractor,,,,,,,,0.7
"Solis Yanmar Tractor, 24 to 55 HP, 4WD",,agricultural tractor,dir.indiamart,https://www.indiamart.com/proddetail/solis-yanmar-tractor-2850944512073.html,2026-06-11T07:16:03.502819,"₹ 5,00,000",500000.0,500000.0,500000.0,RajkotImperial World Trade Private Limited,,,,,False,True,True,0.5,Tractor,,,,,,,,0.7
"VST Shakti 5025 R Branson Tractor, 4 Cylinder",,agricultural tractor,dir.indiamart,https://www.indiamart.com/proddetail/vst-shakti-5025-r-branson-tractor-23561986012.html,2026-06-11T07:16:03.518456,"₹ 6,00,000",600000.0,600000.0,600000.0,"Manjari Bk, PuneVenkaa Interactive Private Limited",,,,,False,True,True,0.8,tractor,,,agricultural,,,,,0.7
Farm Tractors For Sale,,agricultural tractor,dir.indiamart,https://www.indiamart.com/proddetail/farm-tractors-for-sale-2858830909233.html,2026-06-11T07:16:03.534499,"₹ 26,38,000",2638000.0,2638000.0,2638000.0,"Hubballi, Dist. DharwadUrban Hive",,,,,False,True,True,0.6,tractor,,,agricultural,,,,,0.7
Agricultural Tractor  with Air Compressor attachments,,agricultural tractor,dir.indiamart,https://www.indiamart.com/proddetail/agricultural-tractor-with-air-compressor-attachments-2856582463073.html,2026-06-11T07:16:03.550481,"₹ 10,50,000",1050000.0,1050000.0,1050000.0,"Kunnathur, Dist. TiruppurSri Balaji Workshop Private Limited",,,,,False,True,True,0.7,tractor,,,agricultural,,,,,0.7
Autonomous Tractor for Agriculture & Farming - Labh Group,,agricultural tractor,dir.indiamart,https://www.indiamart.com/proddetail/autonomous-tractor-for-agriculture-farming-labh-group-2857735952262.html,2026-06-11T07:16:03.550481,"₹ 15,00,000",1500000.0,1500000.0,1500000.0,"Bodakdev, AhmedabadLabh Projects Private Limited ( Labh Group of Companies )",,,,,False,True,True,0.9,tractor,,,agricultural,,,,,0.7
Mahindra 575 DI XP PLUS Tractor,,agricultural tractor,dir.indiamart,https://www.indiamart.com/proddetail/mahindra-575-di-xp-plus-tractor-2859163605930.html,2026-06-11T07:16:03.566140,"₹ 6,80,000",680000.0,680000.0,680000.0,PuneAutoally Services LLP,,,,,False,True,True,0.5,tractor,,,agricultural,,,,,0.7
Agricultural Tractor,We export agricultural Tractors as per the buyer requirements..,agricultural tractor,dir.indiamart,https://www.indiamart.com/proddetail/agricultural-tractor-2856239794755.html,2026-06-11T07:16:03.581947,"₹ 4,90,000",490000.0,490000.0,490000.0,ThrissurXanotec,,,,,True,True,True,0.8,Agricultural Tractor,,,,,,,,0.9
"Escorts Powertrac 439 Plus Tractor, 41 HP, 2WD",,agricultural tractor,dir.indiamart,https://www.indiamart.com/proddetail/escorts-powertrac-439-plus-tractor-41-hp-2wd-2848949088833.html,2026-06-11T07:16:03.597655,Contact Supplier,,,,FaridabadRameshwar Equipment Private Limited,,,,,False,False,True,0.9,Tractor,,,,,,,,0.7
"Massey Ferguson 2635 75 HP 4WD Tractor, Cubic Capacity: 3600 Cc",,agricultural tractor,dir.indiamart,https://www.indiamart.com/proddetail/massey-ferguson-2635-75-hp-4wd-tractor-20035336797.html,2026-06-11T07:16:03.597655,Contact Supplier,,,,"Nungambakkam, ChennaiTractors And Farm Equipment Limited",,,,,False,False,True,0.9,Tractor,,,,,,,,0.7
John Deere 5405 4wd,,agricultural tractor,dir.indiamart,https://www.indiamart.com/proddetail/john-deere-5405-4wd-2857836962862.html,2026-06-11T07:16:03.613741,Contact Supplier,,,,MumbaiYantralive Parts Technology Private Limited,,,,,False,False,True,0.8,Tractor,,,,,,,,0.7
"John Deere 5210 Gear Pro Tractor, 4WD,50HP",,agricultural tractor,dir.indiamart,https://www.indiamart.com/proddetail/john-deere-5210-gear-pro-tractor-24300386333.html,2026-06-11T07:16:03.629672,"₹ 11,03,000",1103000.0,1103000.0,1103000.0,RanchiHi - Tech Tractors,,,,,False,True,True,0.9,Tractor,,,,,,,,0.7
John Deere 5045D PowerPro Tractor,,agricultural tractor,dir.indiamart,https://www.indiamart.com/proddetail/john-deere-5045d-powerpro-tractor-27144987530.html,2026-06-11T07:16:03.645580,"₹ 6,60,000",660000.0,660000.0,660000.0,BhandaraAditya Agencies,,,,,False,True,True,0.8,Tractor,,,,,,,,0.7
"4 Cylinder Kubota MU5502 4WD Tractor, 27 HP",,agricultural tractor,dir.indiamart,https://www.indiamart.com/proddetail/kubota-mu5502-4wd-tractor-2849482450462.html,2026-06-11T07:16:03.661716,"₹ 13,20,000",1320000.0,1320000.0,1320000.0,RaipurSunshine Motors,,,,,False,True,True,0.7,Tractor,,,,,,,,0.7
"Mahindra 275 Tractor, 39 HP",,agricultural tractor,dir.indiamart,https://www.indiamart.com/proddetail/mahindra-275-tractor-23496649697.html,2026-06-11T07:16:03.678669,"₹ 7,00,000",700000.0,700000.0,700000.0,"Nawalgarh, Dist. JhunjhunuKisan Tractors",,,,,False,True,True,0.8,Tractor,,,,,,,,0.7
"Mahindra Yuvo TECH PLUS 475 4WD, 44 HP",,agricultural tractor,dir.indiamart,https://www.indiamart.com/proddetail/mahindra-yuvo-tech-plus-475-4wd-2852491052997.html,2026-06-11T07:16:03.678669,"₹ 8,40,000",840000.0,840000.0,840000.0,RaipurArun Agriculture,,,,,False,True,True,0.8,Tractor,,,,,,,,0.7
14hp Mini Tractor,,agricultural tractor,dir.indiamart,https://www.indiamart.com/proddetail/14hp-mini-tractor-2855814992248.html,2026-06-11T07:16:03.693338,"₹ 1,85,000",185000.0,185000.0,185000.0,"Nagarbhavi, BengaluruPrakruthi Agro Impex",,,,,False,True,True,0.6,Tractor,,,,,,,,0.7
"27HP VST Shakti Mt 270 Mini Tractor, 4WD",,agricultural tractor,dir.indiamart,https://www.indiamart.com/proddetail/27hp-vst-shakti-mt-270-mini-tractor-2850496056973.html,2026-06-11T07:16:03.709453,"₹ 5,45,000",545000.0,545000.0,545000.0,"Tindivanam, Dist. VillupuramAkshara Agri Tech",,,,,False,True,True,1.0,Tractor,,,Agricultural,,,,,0.7
Swaraj 724 XM 4WD Orchard NT Tractor,,agricultural tractor,dir.indiamart,https://www.indiamart.com/proddetail/swaraj-724-xm-4wd-orchard-nt-tractor-2857133373133.html,2026-06-11T07:16:03.725287,"₹ 5,30,000",530000.0,530000.0,530000.0,"Naraingarh, Dist. AmbalaSaluja Traders",,,,,False,True,True,1.0,Tractor,,,Agricultural,,,,,0.7
"Mahindra 265 DI XP Plus Tractor, 33 HP",,agricultural tractor,dir.indiamart,https://www.indiamart.com/proddetail/33-hp-mahindra-265-di-xp-plus-tractor-2852692344548.html,2026-06-11T07:16:03.738856,"₹ 4,80,000",480000.0,480000.0,480000.0,"Kanpur, Dist. Kanpur NagarM T Sales",,,,,False,True,True,1.0,Tractor,,,Agricultural,,,,,0.7
"John Deere 5075E Power Tech Tractor, 57 HP",,agricultural tractor,dir.indiamart,https://www.indiamart.com/proddetail/john-deere-5075e-power-tech-tractor-2857280699333.html,2026-06-11T07:16:03.752938,"₹ 14,50,000",1450000.0,1450000.0,1450000.0,PuneStark Tractors,,,,,False,True,True,1.0,Tractor,,,Agricultural,,,,,0.7
John Deere 5042 D Tractor,,agricultural tractor,dir.indiamart,https://www.indiamart.com/proddetail/john-deere-5042-d-tractor-25604493048.html,2026-06-11T07:16:03.766754,"₹ 8,08,000",808000.0,808000.0,808000.0,"Hazaribagh, Dist. HazaribagJai Kisan Traders",,,,,False,True,True,1.0,Tractor,,,Agricultural,,,,,0.7
"Swaraj Code Mini Tractor, 8.28kw (11.1HP)",,agricultural tractor,dir.indiamart,https://www.indiamart.com/proddetail/swaraj-code-mini-tractor-2854417660848.html,2026-06-11T07:16:03.776556,"₹ 2,96,000",296000.0,296000.0,296000.0,"Trilanga, BhopalSamarth Services",,,,,False,True,True,1.0,Tractor,,,,,,,,0.7
